36011,Tai-sao-minh-su-dung-Linux-rsb,104,18,true,2020-10-09T01:28:50.977Z
35417,Live-stream-Tro-chuyen-voi-Hieupc-rbt,51,3,true,2020-09-17T02:46:04.034Z
34990,Lam-Firmware-nguon-mo-cho-Webcam-chat-luong-cao-P1-qzu,51,7,true,2020-09-03T07:00:07.673Z
34723,Live-stream-Tim-viec-o-Silicon-Valley-qsj,36,1,true,2020-08-26T01:35:42.920Z
33495,Seminar-VietBay-Sharing-Hoi-dap-ve-su-dung-Internet-an-toan-puf,53,1,true,2020-07-14T05:00:30.227Z
32952,Hanh-trinh-hack-mot-radio-gia-co-Tieng-Anh-pfc,42,9,true,2020-06-24T17:01:59.266Z
32894,Xu-ly-thoi-gian-thuc-va-he-dieu-hanh-da-nhiem-pdq,74,4,true,2020-06-23T02:09:21.927Z
32320,Nan-nhan-hoc-hay-nan-nhan-cua-hoc-gia-oxs,76,17,true,2020-06-04T05:26:32.208Z
31123,Thong-bao-Xe-mi-na-Ke-chuyen-canh-giac-Bluezone-o0j,30,0,true,2020-05-02T04:35:21.574Z
31013,Nhung-van-de-ky-thuat-va-bao-mat-voi-ung-dung-BlueZone-nxh,83,12,true,2020-04-28T19:56:48.825Z
28863,OpenWRT-Internet-cua-minh-qua-con-so-m9r,37,1,true,2020-03-16T02:54:52.950Z
28586,An-toan-voi-bat-cu-gia-nao-m22,43,10,true,2020-03-10T03:07:06.092Z
27891,Susan-Kare-icon-design-va-con-chobo-lir,33,2,true,2020-02-18T23:58:03.222Z
27566,Cong-viec-dau-tien-o-My-l9q,192,4,true,2020-02-08T06:04:10.629Z
27357,Gia-khau-trang-vs-Dao-duc-l3x,23,12,true,2020-02-01T10:35:46.930Z
27269,Anna-Cong-cu-phan-tich-tim-kiem-tu-Viet-l1h,73,5,true,2020-01-28T07:30:27.547Z
27048,Viet-phan-mem-Nhung-nguyen-tac-nho-voi-Git-de-co-du-an-tot-kvc,56,7,true,2020-01-19T05:29:35.011Z
26856,Nhung-viec-minh-quan-tam-kq0,91,3,true,2020-01-11T09:16:11.361Z
26352,Phat-trien-phan-mem-Lam-cach-nao-de-chuyen-tu-nghiep-du-thanh-chuyen-nghiep-kc0,140,27,true,2019-12-22T03:37:18.248Z
26337,Trua-26122019-Nho-xem-Nhat-thuc-kbl,33,2,true,2019-12-21T06:33:30.857Z
26256,Nhung-nguoi-dac-biet-k9c,112,3,true,2019-12-17T16:54:22.411Z
26217,Phong-van-de-tim-viec-nganh-May-tinh-o-Silicon-Valley-k89,97,2,true,2019-12-15T05:22:42.776Z
26056,Tong-ket-mot-nam-lam-viec-o-Tesla-k3s,206,25,true,2019-12-09T02:02:39.960Z
26032,Macro-micro-va-nhung-quyet-dinh-trong-cuoc-song-k34,245,16,true,2019-12-07T18:26:53.062Z
25524,Giay-phut-aha-jp0,96,6,true,2019-11-16T06:18:11.151Z
25457,Hoc-dai-hoc-o-My-ton-bao-tien-jn5,110,6,true,2019-11-13T07:45:24.681Z
25391,Loi-tu-thu-cua-mot-ke-dac-biet-may-man-jlb,175,13,true,2019-11-10T18:25:52.561Z
25241,Toi-da-hoc-duoc-gi-tu-This-American-Life-jh5,128,6,true,2019-11-04T00:35:24.761Z
25084,Cau-chuyen-trong-dem-jcs,27,3,true,2019-10-29T08:43:15.654Z
25027,Ai-bao-lam-vay-lam-chi-jb7,120,27,true,2019-10-27T05:20:08.833Z
24845,Gian-truan-tieng-Viet-tren-may-tinh-j65,159,23,true,2019-10-20T03:24:21.792Z
24347,Ra-mat-Podcast-moi-Cong-nghe-404-isb,54,12,true,2019-10-03T06:56:16.623Z
24093,Chuyen-lai-giong-il9,35,1,true,2019-09-22T07:10:58.755Z
23635,Thu-nhap-cua-ban-o-muc-nao-trong-xa-hoi-i8j,173,13,true,2019-09-03T02:46:05.230Z
23590,Lam-cho-internet-het-giut-lag-bang-phan-mem-nguon-mo-i7a,139,9,true,2019-09-01T01:27:38.794Z
23501,Neu-co-tien-o-Viet-Nam-van-la-suong-nhat-i4t,88,33,true,2019-08-28T04:18:11.794Z
23234,Amar-Bose-hxe,39,4,true,2019-08-18T05:28:23.669Z
22967,Su-sao-lang-chet-nguoi-1-hpz,48,3,true,2019-08-07T09:32:45.295Z
22901,Tu-Apple-1-toi-iPhone-Jailbreak-va-hacking-la-gi-ho5,85,7,true,2019-08-05T04:15:35.367Z
22496,Tu-phe-binh-nghiem-khac-hcw,62,12,true,2019-07-20T11:26:05.199Z
22329,Tu-duy-kieu-bo-cui-h89,87,14,true,2019-07-14T05:55:22.666Z
22149,STEM-va-tinh-kien-nhan-h39,116,10,true,2019-07-08T05:19:18.211Z
21944,Chep-tot-nghiep-gxk,75,4,true,2019-06-29T07:30:53.574Z
21672,Cau-chuyen-chi-la-cau-chuyen-gq0,29,3,true,2019-06-16T08:48:34.621Z
21652,Xem-gi-toi-nay-1562019-gpg,28,1,true,2019-06-15T06:16:40.742Z
21509,Cai-nhin-dung-dan-nhat-ve-video-game-glh,49,31,true,2019-06-09T08:33:21.663Z
21447,Cong-cu-may-tinh-huu-dung-nhat-gjr,104,14,true,2019-06-07T03:51:39.354Z
21384,What-day-is-this-gi0,19,4,false,2019-06-04T03:34:44.496Z
21286,Anh-sang-gfa,107,4,true,2019-05-31T05:32:05.454Z
21113,Tham-Quyen-gah,16,2,true,2019-05-24T04:49:12.957Z
21047,Hoi-cho-Nha-Kien-Tao-Maker-Faire-Bay-Area-2019-g8n,36,3,true,2019-05-21T06:09:01.247Z
20920,Tien-su-anh-Hoang-g54,185,22,true,2019-05-15T09:49:20.310Z
20875,Nhung-ma-toi-chi-lam-ra-cong-cu-g3v,46,1,true,2019-05-13T07:23:44.986Z
20731,Giau-va-ngheo-fzv,167,34,true,2019-05-05T15:26:56.104Z
20678,Mot-vai-cau-hoi-nho-voi-admin-spiderum-fue,22,7,false,2019-05-03T09:25:57.778Z
20638,End-Credits-fxa,60,2,true,2019-05-01T09:54:25.652Z
20396,Thue-lam-nguoi-tot-fqk,233,28,true,2019-04-20T06:32:53.554Z
20304,Cu-noi-thang-la-toi-beo-me-no-di-fo0,127,10,true,2019-04-17T06:18:52.470Z
20244,Pass-Ban-anh-X-fmc,70,2,true,2019-04-14T03:34:47.056Z
20059,Xem-BBC-o-nha-fh7,43,10,true,2019-04-07T06:05:19.353Z
19943,Ta-thay-gi-dem-nay-fdz,69,9,true,2019-04-02T03:40:53.093Z
19846,Bao-ve-Trai-dat-40-fba,50,23,true,2019-03-28T09:58:57.208Z
19785,Cuoc-song-va-nhung-du-an-lam-cho-vui-2019-f9l,66,7,true,2019-03-25T06:50:10.215Z
19752,Cuoc-doi-ca-tang-f8o,149,4,true,2019-03-23T20:56:47.822Z
19705,The-gioi-trong-chiec-dien-thoai-f7d,64,2,true,2019-03-21T05:20:32.882Z
19525,Dai-hoc-xin-f2d,165,7,true,2019-03-13T06:31:44.815Z
19523,Linh-hon-trau-sat-f2b,34,2,true,2019-03-13T03:36:22.352Z
19459,Toi-la-Moana-f0j,34,4,true,2019-03-10T08:35:53.270Z
19300,Cau-hoi-o-1337-Can-tro-va-nghi-hoac-ew4,34,2,true,2019-03-03T02:20:35.915Z
19143,Hamburger-err,36,4,true,2019-02-22T11:27:08.181Z
19118,Cam-nang-du-hoc-wasabi-Phan-1-Chon-truong-tot-er2,23,6,true,2019-02-21T08:57:34.551Z
19033,Nhung-tro-dua-dai-eop,40,5,true,2019-02-18T06:09:24.082Z
19021,Ghi-chep-ngan-cho-thu-bay-Apple-va-thit-nhan-tao-eod,37,1,true,2019-02-17T13:44:09.820Z
18957,Xem-gi-doc-gi-ve-bao-mat-dau-xuan-2019-eml,29,0,true,2019-02-14T05:37:30.989Z
18769,Cau-chuyen-dau-xuan-ehd,46,7,true,2019-02-03T17:26:54.365Z
18692,Vi-sao-toi-viet-bang-tieng-Viet-va-mot-loi-de-nghi-hop-tac-nho-cho-nam-moi-ef8,78,15,true,2019-01-30T08:50:29.577Z
18618,Tu-dong-hoa-nha-III-Lam-gi-voi-mot-ro-nut-bam-Wi-Fi-ed6,47,7,true,2019-01-28T03:44:00.906Z
18566,Ma-tuy-an-toan-cho-nguoi-chua-bao-gio-thu-ma-tuy-ebq,58,18,true,2019-01-25T09:38:17.064Z
18491,Khoa-hoc-mo-quyen-duoc-copy-va-cong-viec-toi-tu-hao-nhat-e9n,47,31,true,2019-01-22T08:31:09.923Z
18393,John-C-Bogle-va-cach-dau-tu-truong-phai-Bogle-e6x,65,4,true,2019-01-17T15:01:53.131Z
18323,Dai-lo-mat-troi-moc-e4z,80,8,true,2019-01-13T17:57:37.277Z
18293,Ngan-le-mot-chuyen-bao-mat-thong-tin-e45,46,17,true,2019-01-12T04:27:21.375Z
18191,Tu-dong-hoa-nha-II-Nhiet-ke-Am-ke-tu-che-va-Apple-HomeKit-e1b,37,3,true,2019-01-07T07:27:40.009Z
18105,Muc-tieu-nam-moi-CtrlAltDel-va-nganh-hoc-dux,129,12,true,2019-01-03T01:20:50.616Z
18024,Nhung-chuyen-chua-ke-ve-viec-dich-lau-Harry-Potter-dwo,105,5,true,2018-12-29T06:28:41.476Z
17872,Cong-nghe-van-hoa-khoa-hoc-nam-2018-diem-lai-trong-mat-toi-dsg,35,2,true,2018-12-22T13:25:12.370Z
17785,Phong-Thuy-o-cac-mien-dat-ben-My-dq1,41,3,true,2018-12-18T09:06:46.355Z
17743,Chuyen-vao-danh-sach-hacker-thien-chi-cua-Google-dov,288,13,true,2018-12-16T01:14:21.519Z
17679,Tong-ket-ca-nhan-2018-dn3,32,5,false,2018-12-13T08:38:03.698Z
17632,Tinh-tien-trong-nha-hang-kieu-Silicon-Valley-dls,83,5,true,2018-12-10T07:51:15.379Z
17535,Chuyen-mot-tay-nguoi-Viet-sang-My-phong-van-voi-YCombinator-dj3,57,10,true,2018-12-06T08:15:39.135Z
17492,Monday-Morning-4-AM-dhw,43,1,true,2018-12-04T08:38:13.992Z
17440,Nguyen-N-Tai-Ky-su-nguoi-Viet-thiet-ke-ve-tinh-sieu-nho-CubeSat-se-duoc-phong-len-quy-dao-bang-ten-lua-cua-SpaceX-2h-sang-ngay-mai-gio-VN-dgg,34,3,true,2018-12-02T04:49:44.608Z
17422,Cay-cau-du-hoc-bac-tren-dong-nuoc-du-dfu,51,5,true,2018-12-01T10:48:02.240Z
17287,Chua-benh-luoi-bang-MQTT-Raspberry-Pi-va-ESP32-dc7,64,17,true,2018-11-26T01:44:09.335Z
17261,Dai-hoc-hay-khong-dai-hoc-dbh,24,2,true,2018-11-24T05:57:22.934Z
17181,Em-con-nho-hay-em-da-quen-1-d99,19,2,true,2018-11-20T05:29:44.105Z
17160,Chuyen-Dong-Chuyen-Tay-d8o,24,1,true,2018-11-19T03:25:29.215Z
17063,Chuyen-nho-ve-su-dam-me-d5z,107,9,true,2018-11-14T08:16:38.043Z
16980,Phat-trien-Phan-mem-Tu-do-thi-duoc-cai-gi-d3o,66,10,true,2018-11-11T17:28:58.554Z
16716,Quai-nhan-1-cwc,34,1,false,2018-10-31T05:56:28.638Z
16412,Postdocdocx-cnw,33,2,false,2018-10-17T06:31:49.315Z
15936,The-gioi-trong-chiec-iPod-cao,13,0,true,2018-09-26T08:02:13.543Z
15507,Thi-Tran-Khon-Nan-Shit-Town-Chuong-I-Phan-1-bur,8,0,false,2018-09-09T00:52:33.059Z
27891,Susan-Kare-icon-design-va-con-chobo-lir,34,2,true,2020-02-18T23:58:03.222Z
24845,Gian-truan-tieng-Viet-tren-may-tinh-j65,160,23,true,2019-10-20T03:24:21.792Z
