40651,Ntech_Perf-vd7,1,0,false,2020-11-22T11:29:31.832Z
40614,Update-script-jmeter-spiderum-Lam-sao-de-co-the-chuan-bi-data-cho-ca-trieu-CCUs-vc6,2,0,false,2020-11-21T07:30:24.894Z
40556,Ca-nhan-hoa-That-su-ban-dang-duoc-chu-y-den-vak,-46,3,false,2020-11-19T14:09:03.718Z
40467,Update-script-jmeter-spiderum-Script-Performance-Test-khong-phai-chi-record-la-xong-Con-nhieu-thu-hay-ho-lam-v83,4,1,false,2020-11-16T11:36:36.553Z
40429,Update-script-jmeter-spiderum-Cach-ma-toi-to-chuc-cau-truc-kich-ban-kiem-thu-v71,3,1,false,2020-11-14T13:50:45.930Z
40408,Record-script-spiderum-Cach-ma-toi-tao-ra-script-performance-test-v6g,3,1,false,2020-11-13T12:52:40.709Z
40355,Jmeter-va-the-gioi-Performance-Testing-v4z,3,1,false,2020-11-12T13:17:35.693Z
40319,Bat-dau-chien-dich-Cach-lay-du-lieu-spiderum-thong-qua-Postman-v3z,4,1,false,2020-11-10T15:42:59.482Z
40298,Bat-dau-chien-dich-Toi-kiem-thu-API-cua-spiderum-nhu-the-nao-v3e,3,1,false,2020-11-09T11:02:37.735Z
40240,Bat-dau-chien-dich-Phat-hien-mot-so-tinh-nang-nho-voi-Manual-Testing-v1s,8,1,true,2020-11-06T12:33:37.169Z
40227,5-Chien-luoc-kiem-thu-hieu-nang-Spiderum-Performance-tesing-that-vi-dieu-v1f,12,1,true,2020-11-05T13:09:06.452Z
40200,4-Chien-luoc-kiem-thu-hieu-nang-Spiderum-Dung-voi-hay-hieu-ban-chat-van-de-voi-API-Testing-v0o,11,3,true,2020-11-04T12:43:02.456Z
40174,Technical-Client-Server-Architecture-Kien-truc-client-server-uzu,3,0,false,2020-11-03T12:08:06.655Z
40156,Chien-luoc-kiem-thu-hieu-nang-Spiderum-Kich-ban-chuc-nang-uzg,6,1,true,2020-11-02T14:28:42.905Z
36646,Lan-dau-phong-van-khi-buoc-chan-ra-ha-noi-se-nhu-the-nao-s9u,6,0,false,2020-10-31T15:29:40.501Z
36623,Performance-testing-No-la-cai-quai-gi-ma-lai-dung-no-de-voc-pha-spiderum-s9b,6,1,true,2020-10-30T16:31:54.431Z
36600,Technical-Microservices-Architecture-Kien-truc-Microservices-s8o,8,3,true,2020-10-29T15:39:09.875Z
36581,Technical-Serverless-Architecture-Kien-truc-khong-co-may-chu-s85,4,0,false,2020-10-28T16:14:34.091Z
36579,Lo-hong-spiderum-hay-chi-la-tinh-nang-Cai-nhin-tu-mot-Performance-testing-s83,14,13,false,2020-10-28T14:09:35.140Z
36562,Technical-Service-oriented-Architecture-SOA-Kien-truc-huong-dich-vu-s7m,3,0,false,2020-10-27T15:47:23.030Z
36535,Technical-Monolithic-Architecture-Kien-truc-mot-khoi-truyen-thong-s6v,5,0,false,2020-10-26T13:49:27.431Z
36488,Mo-phong-thuat-toan-tuong-de-ma-kho-s5k,3,0,false,2020-10-25T06:10:57.221Z
36473,Ban-hoi-toi-cao-du-lieu-de-lam-gi-a-s55,13,4,true,2020-10-24T05:24:53.469Z
36445,Cha-noi-Murphy-lam-hai-anh-chi-em-ta-roi-Tranh-luan-nhe-s4d,22,6,true,2020-10-22T17:23:59.424Z
36346,Tim-kiem-google-Google-search-Lieu-ban-co-xai-hieu-qua-s1m,8,0,false,2020-10-19T15:01:36.099Z
36266,Cao-du-lieu-u-Crawling-u-Tai-sao-Microsoft-Excel-lai-khong-the-rze,5,0,false,2020-10-16T17:07:46.667Z
36236,Web-Crawling-va-Web-Scraping-Su-tranh-cai-giua-an-cap-tai-lieu-hay-la-mot-cong-nghe-thu-thap-du-lieu-ruk,33,2,true,2020-10-15T13:25:50.478Z
36210,Thuat-toan-Google-Di-mot-ngay-dang-cang-doc-cang-ngu-rxu,9,0,false,2020-10-14T13:23:27.794Z
36181,Hieu-truong-Google-tham-nom-va-chom-chia-thong-tin-website-nhu-the-nao-rx1,5,1,false,2020-10-13T17:20:53.648Z
36139,Unit-test-chuyen-chang-cua-rieng-devs-nao-rvv,6,0,false,2020-10-12T16:02:32.185Z
36095,Thuat-toan-lieu-co-ma-thuat-phuc-tap-va-bi-an-nhu-moi-nguoi-van-nghi-run,22,1,true,2020-10-11T14:32:17.177Z
36065,DIY-Phong-trao-cua-gioi-tre-rtt,2,0,false,2020-10-10T08:28:06.971Z
35886,Luong-Minh-bach-hay-bi-mat-Ly-do-phia-sau-no-va-con-duong-phia-truoc-ban-rou,33,10,true,2020-10-03T11:24:46.839Z
35850,Su-hoan-hao-cua-cay-but-chi-rnu,43,4,true,2020-10-01T15:02:32.736Z
35782,Thanh-tien-trinh-Progress-bar-Lieu-no-co-phai-mot-cu-lua-rlu,12,4,false,2020-09-29T17:40:47.254Z
35759,Agile-Dau-chi-rieng-trong-phat-trien-phan-mem-rlb,28,0,true,2020-09-28T16:15:29.362Z
35729,Tai-sao-entropy-tro-thanh-van-de-trong-cuoc-song-cua-chung-ta-rkh,104,25,true,2020-09-27T15:44:56.325Z
41089,Ntech_Perf_Spiderum-vpd,1,0,false,2020-11-22T12:20:05.222Z
