35356,Den-nha-ban-trai-co-nen-rua-bat-ra4,21,6,true,2020-09-14T16:15:24.764Z
35203,Phai-tot-hon-de-nguoi-than-hanh-phuc-r5v,14,0,false,2020-09-09T08:33:17.123Z
35055,Ve-su-mat-ket-noi-va-thieu-hut-cam-xuc-thoi-tho-au-r1r,24,6,true,2020-09-04T15:56:50.923Z
34227,Con-may-mua-Vu-Lan-qer,25,1,true,2020-08-09T12:30:45.628Z
33867,Con-trai-ba-muoi-tuoi-van-ngu-chung-voi-me-q4r,12,0,false,2020-07-28T09:27:51.000Z
33799,Hooponopono-giai-cuu-the-gioi-va-chuyen-khi-rua-khoai-q2v,50,2,true,2020-07-26T04:25:59.233Z
33698,Giau-co-tien-va-kho-dau-hay-chuyen-de-bia-day-tu-lanh-q02,11,1,false,2020-07-22T14:39:40.275Z
33613,Loi-khuyen-cho-nguoi-hoc-ngoai-ngu-pxp,12,2,false,2020-07-19T07:28:11.669Z
33545,Hoc-sinh-hon-nhau-giua-san-truong-thi-sao-pvt,3,0,false,2020-07-15T13:32:59.649Z
33505,Khi-nao-nen-noi-ve-cai-chet-pup,38,8,true,2020-07-14T09:44:32.538Z
33500,Kho-ket-noi-voi-nguoi-khac-thi-sao-puk,9,0,false,2020-07-14T07:29:18.539Z
33477,Tien-tinh-va-mua-ban-dam-ptx,11,0,false,2020-07-13T14:51:10.294Z
33400,Ngay-nay-nguoi-ta-yeu-nhau-voi-qua-prs,31,1,true,2020-07-10T13:27:10.529Z
33385,Tro-chuyen-quan-tam-nhung-khong-yeu-vay-la-sao-prd,12,0,false,2020-07-09T15:25:45.381Z
33346,Kho-chiu-khi-nguoi-minh-thich-hoc-gioi-hon-minh-pqa,16,4,true,2020-07-08T16:39:10.514Z
33336,Khi-nao-thi-du-pq0,49,3,true,2020-07-08T08:16:45.720Z
33308,Noi-mot-chut-ve-hanh-phuc-pp8,28,3,true,2020-07-07T15:17:33.625Z
33269,Lam-sao-de-thoat-khoi-ap-luc-phai-thanh-cong-po5,131,20,true,2020-07-06T08:25:07.210Z
33199,Chuyen-hi-sinh-tham-lang-trong-tinh-cam-va-yeu-minh-hay-yeu-nguoi-pm7,96,12,true,2020-07-03T11:33:57.519Z
33158,Hang-V-pha-san-hang-R-dong-cua-thi-sao-nhi-pl2,58,4,true,2020-07-02T07:56:06.222Z
33135,Nghi-gi-ve-FWB-ONS-pkf,62,5,true,2020-07-01T13:10:03.721Z
33106,Co-nen-yeu-mot-cach-cuong-nhiet-khong-pjm,33,1,true,2020-06-30T11:09:05.316Z
33091,Don-nhan-co-duyen-pj7,61,1,true,2020-06-29T14:39:08.061Z
28589,Y-thuc-mua-Covid-19-share-hay-khong-share-m25,7,0,false,2020-03-10T05:14:24.450Z
28534,Noi-hay-khong-noi-chui-hay-khong-chui-m0m,15,7,true,2020-03-08T11:34:31.787Z
28518,Toi-noi-gi-khi-noi-ve-Spiderum-m06,5,0,true,2020-03-08T04:25:46.433Z
28447,Toi-noi-gi-khi-noi-ve-hinh-tuong-lu7,5,0,false,2020-03-06T05:43:51.275Z
28416,Toi-noi-gi-khi-noi-ve-viec-de-rau-Video-lxc,4,3,false,2020-03-05T05:04:12.261Z
28408,Viet-cho-em-165-An-cu-lac-nghiep-lx4,7,0,false,2020-03-04T15:48:26.791Z
28372,Viet-cho-em-164-Giai-dap-giai-thich-giai-buon-giai-ngu-lw4,9,2,true,2020-03-03T16:33:11.923Z
28339,Viet-cho-em-163-Luat-hap-dan-va-nhan-qua-lv7,7,0,false,2020-03-02T16:49:28.172Z
28304,Viet-cho-em-162-Noi-ve-su-lua-chon-lu8,11,1,true,2020-03-01T15:57:10.683Z
28280,Viet-cho-em-161-Lai-la-ngay-dac-biet-ltk,4,0,false,2020-02-29T16:34:11.651Z
28245,Viet-cho-em-160-Nhung-bac-si-gioi-nhat-lsl,12,1,true,2020-02-28T16:11:47.255Z
28217,Viet-cho-em-159-De-y-va-de-tam-lrt,10,0,false,2020-02-27T16:27:12.050Z
28182,Viet-cho-em-158-Tinh-tuong-doi-cua-dung-va-sai-lqu,12,2,true,2020-02-26T16:45:46.427Z
28121,Viet-cho-em-157-Tro-ve-lp5,10,2,true,2020-02-25T15:24:41.160Z
28086,Viet-cho-em-156-Ta-se-lam-chi-doi-ta-lo6,13,0,false,2020-02-24T16:41:19.053Z
28021,Viet-cho-em-155-Nguoi-khong-dang-yeu-lmd,14,2,false,2020-02-23T02:56:05.843Z
28013,Viet-cho-em-154-Y-nghia-cua-viec-ly-hon-lm5,2,2,false,2020-02-22T16:38:26.664Z
27971,Viet-cho-em-153-Vi-sao-toi-lam-dieu-toi-dang-lam-lkz,10,0,false,2020-02-21T16:07:42.112Z
27946,Viet-cho-em-152-ham-mo-am-tham-lka,9,0,false,2020-02-20T16:52:40.338Z
27921,Viet-cho-em-151-Nghi-ve-suy-nghi-ljl,6,0,false,2020-02-19T16:46:07.219Z
27885,Viet-cho-em-150-Cam-giac-an-toan-lil,9,0,false,2020-02-18T16:50:20.955Z
27855,Viet-cho-em-149-Ban-chim-o-den-lhr,4,0,false,2020-02-17T16:33:18.307Z
27822,Viet-cho-em-148-Ban-co-biet-hat-khong-lgu,5,0,true,2020-02-16T17:01:33.534Z
27801,Viet-cho-em-147-E-nghiep-hay-duyen-lg9,9,1,false,2020-02-15T16:37:29.457Z
27767,Viet-cho-em-146-Nha-chua-lanh-lfb,9,0,true,2020-02-14T15:41:29.798Z
27734,Viet-cho-em-145-Moi-tinh-dau-lee,11,1,false,2020-02-13T16:31:46.635Z
27696,Viet-cho-em-144-Ban-quyen-o-Viet-Nam-ldc,11,0,true,2020-02-12T16:47:17.489Z
27669,Viet-cho-em-143-Nam-nu-huu-biet-lcl,9,0,false,2020-02-11T16:55:50.315Z
27639,Viet-cho-em-142-Tich-cuc-qua-lieu-lbr,7,0,false,2020-02-10T16:43:22.232Z
27609,Viet-cho-em-141-Lam-gi-cho-met-lam-gi-cho-vui-lax,11,2,true,2020-02-09T16:56:22.437Z
27564,Viet-cho-em-140-Lai-mot-nguoi-nua-ra-di-l9o,12,1,true,2020-02-08T02:39:08.772Z
27551,Viet-cho-em-139-Trai-dat-nay-la-cua-chung-minh-l9b,13,1,true,2020-02-07T16:37:49.935Z
27526,Viet-cho-em-138-Yeu-thuong-khong-co-duoc-bang-yeu-sach-l8m,13,3,true,2020-02-06T16:44:23.097Z
27499,Viet-cho-em-137-Ca-doi-gia-bo-l7v,10,4,true,2020-02-05T16:38:55.872Z
27471,Viet-cho-em-136-Buong-bo-lam-sao-khi-nao-l73,14,1,true,2020-02-04T16:43:20.494Z
27432,Viet-cho-em-135-Nhan-tinh-noi-buon-Corona-l60,35,4,true,2020-02-03T15:38:01.257Z
27406,Viet-cho-em-134-Ngay-dep-nghi-hoc-l5a,12,2,true,2020-02-02T17:06:03.866Z
27369,Viet-cho-em-133-Khinh-thuong-va-dau-long-l49,19,0,true,2020-02-01T16:40:25.105Z
27338,Viet-cho-em-132-Chuyen-cai-khau-trang-l3e,11,3,false,2020-01-31T15:53:40.463Z
27315,Viet-cho-em-131-Khi-chat-bao-nhieu-hanh-phuc-bay-nhieu-l2r,12,0,false,2020-01-30T14:38:18.052Z
27293,Viet-cho-em-130-Ban-ve-khi-chat-l25,26,1,true,2020-01-29T15:52:09.154Z
27278,Viet-cho-em-129-Dung-hua-khi-vui-l1q,29,2,true,2020-01-28T16:43:01.222Z
27254,Viet-cho-em-128-May-suy-nghi-roi-rac-l12,17,0,false,2020-01-27T16:49:20.541Z
27217,Viet-cho-em-127-Dau-nam-hon-loan-l01,7,0,false,2020-01-26T16:39:17.997Z
27177,Viet-cho-em-126-Nhung-loi-chuc-dau-nam-kux,6,0,false,2020-01-25T16:50:00.610Z
27158,Viet-cho-em-125-Cuoi-nam-buong-bo-kue,18,1,true,2020-01-24T16:48:26.645Z
27144,Viet-cho-em-124-Niem-vui-nho-nho-ku0,12,2,true,2020-01-23T16:50:16.150Z
27133,Viet-cho-em-123-Lam-sao-de-an-ngon-ngu-ngon-kxp,10,1,true,2020-01-22T15:07:42.043Z
27112,Viet-cho-em-122-Co-kien-thuc-moi-doc-duoc-bao-kx4,8,1,false,2020-01-21T16:44:11.522Z
27092,Viet-cho-em-121-Vi-sao-minh-khong-thuc-tinh-kwk,16,1,true,2020-01-20T16:04:29.254Z
27062,Viet-cho-em-120-Chap-nhan-kvq,11,0,false,2020-01-19T16:29:44.843Z
27037,Viet-cho-em-119-Cac-the-loai-nhan-danh-kv1,8,0,false,2020-01-18T14:28:13.292Z
27017,Viet-cho-em-118-Ve-nhung-dieu-phi-thuong-kuh,9,2,false,2020-01-17T16:47:33.218Z
26990,Viet-cho-em-117-Trang-thai-can-bang-ktq,11,2,true,2020-01-16T15:14:45.700Z
26965,Viet-cho-em-116-Phu-nu-tre-con-va-may-chuyen-khong-vui-kt1,10,1,false,2020-01-15T16:28:11.982Z
26918,Viet-cho-em-115-Ta-yeu-em-krq,26,5,true,2020-01-14T02:12:38.380Z
26910,Viet-cho-em-114-Dexter-Breaking-Bad-va-may-bo-phim-kri,17,2,true,2020-01-13T16:34:12.756Z
26883,Viet-cho-em-113-Tu-su-kqr,15,3,true,2020-01-12T13:52:53.514Z
26866,Viet-cho-em-112-Tai-em-ngheo-kqa,15,0,true,2020-01-11T15:23:36.314Z
26847,Viet-cho-em-111-Chot-luoi-dau-moi-kpr,11,1,false,2020-01-10T16:31:46.050Z
26832,Viet-cho-em-110-Ve-cho-va-nhan-kpc,10,1,true,2020-01-09T16:04:44.455Z
26800,Viet-cho-em-109-Ve-quan-ly-thoi-gian-kog,12,0,false,2020-01-08T15:36:44.523Z
26774,Viet-cho-em-108-hihi-hehe-nu-cuoi-gia-tao-nu-cuoi-guong-gao-knq,9,2,true,2020-01-07T16:20:43.727Z
26744,Viet-cho-em-107-Khoi-dau-dich-den-va-qua-trinh-kmw,7,0,false,2020-01-06T16:17:48.976Z
26716,Viet-cho-em-106-Nguoi-ta-song-vi-dieu-gi-km4,15,1,true,2020-01-05T08:28:40.202Z
26700,Viet-cho-em-105-Vo-tam-vo-cam-va-binh-than-klo,15,6,true,2020-01-04T15:17:48.741Z
26686,Viet-cho-em-104-50-viec-can-lam-truoc-khi-ket-hon-phan-5-cuoi-kla,4,0,false,2020-01-03T16:12:02.047Z
26658,Viet-cho-em-103-Nguoi-cu-kki,18,2,true,2020-01-02T16:33:30.497Z
26635,Viet-cho-em-102-Goc-khuat-kjv,30,3,true,2020-01-02T04:29:57.409Z
26603,Viet-cho-em-101-Tam-biet-2019-kiz,12,1,true,2019-12-31T16:02:42.504Z
26576,Viet-cho-em-100-Khoi-dau-ket-thuc-cuoi-cung-dau-tien-ki8,32,2,true,2019-12-30T15:45:01.962Z
26545,Viet-cho-em-99-Dong-ho-bao-thuc-tro-dua-va-su-vo-on-khd,14,0,false,2019-12-29T15:27:45.887Z
26522,Viet-cho-em-98-Xin-loi-biet-loi-va-sua-loi-kgq,13,0,true,2019-12-28T16:14:14.697Z
26503,Viet-cho-em-97-8-mon-qua-mien-phi-va-y-nghia-kg7,15,2,true,2019-12-27T16:30:29.401Z
26479,Viet-cho-em-96-Mat-mat-chai-san-va-binh-than-kfj,22,6,true,2019-12-26T16:38:50.173Z
26455,Viet-cho-em-95-50-viec-can-lam-truoc-khi-ket-hon-phan-4-kev,12,0,true,2019-12-25T16:33:30.908Z
26428,Viet-cho-em-94-Hieu-chuyen-va-biet-dieu-ke4,9,0,false,2019-12-24T15:47:09.756Z
26404,Viet-cho-em-93-50-viec-can-lam-truoc-khi-ket-hon-phan-3-kdg,9,0,false,2019-12-23T15:39:45.049Z
26366,Viet-cho-em-92-Buong-bo-that-su-la-gi-kce,24,2,true,2019-12-22T15:18:32.372Z
26344,Viet-cho-em-91-50-viec-can-lam-truoc-khi-ket-hon-phan-2-kbs,6,0,false,2019-12-21T16:09:42.554Z
26327,Viet-cho-em-90-Nguyen-Nhat-Anh-Mat-biec-va-yeu-mot-nguoi-kbb,34,2,true,2019-12-20T15:48:20.726Z
26302,Viet-cho-em-89-50-viec-can-lam-truoc-khi-ket-hon-kam,13,1,true,2019-12-19T16:21:22.676Z
26276,Viet-cho-em-88-Bo-thi-va-phong-sinh-duc-va-nghiep-k9w,15,0,true,2019-12-18T15:41:37.976Z
26254,Viet-cho-em-87-Harry-Potter-k9a,11,3,true,2019-12-17T15:27:40.347Z
26236,Viet-cho-em-86-The-Sims-k8s,13,1,true,2019-12-16T11:42:31.575Z
26224,Viet-cho-em-85-La-chinh-minh-khi-nao-o-dau-k8g,19,0,true,2019-12-15T15:06:46.666Z
26211,Viet-cho-em-84-Huong-noi-va-huong-ngoai-k83,12,2,true,2019-12-14T14:52:45.135Z
26191,Viet-cho-em-83-Nghi-ve-viec-pha-thai-k7j,8,0,false,2019-12-13T16:42:04.878Z
26182,Ap-luc-thanh-xuan-k7a,55,30,true,2019-12-13T13:56:00.703Z
26159,Viet-cho-em-82-Mat-trai-cua-hi-vong-k6n,21,2,true,2019-12-12T14:03:17.243Z
26137,Viet-cho-em-81-Ve-mot-nguoi-ban-linh-k61,12,1,false,2019-12-11T15:55:04.225Z
26103,Viet-cho-em-80-Ve-luat-hap-dan-k53,26,5,true,2019-12-10T11:41:38.275Z
26077,Viet-cho-em-79-Chan-that-manh-me-kheo-leo-tinh-te-va-thong-minh-k4d,13,0,false,2019-12-09T16:09:06.999Z
26046,Viet-cho-em-78-Hoai-niem-k3i,9,1,false,2019-12-08T12:05:58.862Z
26029,Viet-cho-em-77-Ao-tuong-suc-manh-k31,11,2,true,2019-12-07T16:34:36.905Z
26007,Viet-cho-em-76-Bi-kich-hai-kich-tro-choi-va-giac-mo-k2f,13,4,true,2019-12-06T16:21:08.028Z
25985,Viet-cho-em-75-Vi-sao-nhan-loai-can-cai-chet-k1t,20,6,true,2019-12-05T16:33:02.277Z
25962,Viet-cho-em-74-Tam-bo-va-vinh-hang-k16,12,0,true,2019-12-04T16:32:38.519Z
25934,Viet-cho-em-73-Giao-mua-k0e,18,4,true,2019-12-03T16:44:05.363Z
25901,Viet-cho-em-72-Biet-tin-vao-ai-giua-doi-nay-jzh,25,0,false,2019-12-02T16:37:02.409Z
25873,Viet-cho-em-71-Song-mot-doi-binh-thuong-jup,25,2,true,2019-12-01T16:40:19.962Z
25859,Viet-cho-em-70-Choi-games-co-gi-hay-jub,14,4,true,2019-11-30T16:21:49.886Z
25833,Viet-cho-em-69-1000-chu-cho-hanh-phuc-jxl,14,2,true,2019-11-29T16:20:16.449Z
25815,Viet-cho-em-68-Mot-ngay-truoc-tan-the-jx3,14,4,true,2019-11-28T16:35:08.394Z
25791,Viet-cho-em-67-Cuoc-doi-va-thu-tu-uu-tien-jwf,19,4,true,2019-11-27T16:21:48.960Z
25785,9toTalk-30-Phu-nu-co-dang-bi-ki-thi-ve-kha-nang-lai-xe-an-toan-jw9,38,58,true,2019-11-27T13:38:31.882Z
25762,Viet-cho-em-66-An-thit-hay-an-chay-va-bao-ton-dong-vat-de-lam-gi-jvm,27,3,true,2019-11-26T15:17:36.197Z
25735,Viet-cho-em-65-Thang-cong-va-thoi-dai-nu-quyen-juv,16,8,true,2019-11-25T15:41:50.280Z
25709,Viet-cho-em-64-Chiu-ap-luc-la-mot-kha-nang-nham-nhi-ju5,75,14,true,2019-11-24T13:55:05.214Z
25692,Viet-cho-em-63-Ngon-ngu-cua-tinh-yeu-jto,27,0,true,2019-11-23T14:03:58.320Z
25669,Viet-cho-em-62-Vi-sao-phu-nu-nen-de-toc-dai-jt1,19,2,true,2019-11-22T16:20:33.368Z
25649,Viet-cho-em-61-Khong-ai-ca-va-Ai-cung-vay-jsh,16,0,true,2019-11-21T16:06:53.749Z
25613,Viet-cho-em-60-Ve-su-chinh-phuc-jrh,21,0,true,2019-11-20T16:14:15.578Z
25597,Viet-cho-em-59-Ve-viec-nuoi-day-tre-jr1,12,2,false,2019-11-19T16:16:20.159Z
25583,Viet-cho-em-58-Ve-10-thoi-quen-cua-nguoi-that-bai-jqn,44,6,true,2019-11-18T16:49:22.344Z
25556,Viet-cho-em-57-Ve-mot-ngay-bat-on-jpw,26,0,true,2019-11-17T15:48:48.481Z
25537,Viet-cho-em-56-Ve-su-tri-hoan-jpd,35,2,true,2019-11-16T16:44:51.091Z
25516,Viet-cho-em-55-Tot-hon-moi-ngay-jos,26,2,true,2019-11-15T16:18:53.671Z
25494,Viet-cho-em-54-Ve-nguoi-thay-tot-nhat-jo6,20,5,true,2019-11-14T16:37:37.456Z
25476,Viet-cho-em-53-Chuyen-ve-Kha-Banh-va-hai-loai-dao-duc-jno,36,4,true,2019-11-13T16:36:53.423Z
25436,Viet-cho-em-52-Ve-con-nghien-va-khoang-trong-ben-trong-jmk,42,3,true,2019-11-12T14:12:07.231Z
25409,Viet-cho-em-51-Dam-me-chi-danh-cho-nhung-ke-ngo-nghe-jlt,39,2,true,2019-11-11T16:38:28.153Z
25375,Viet-cho-em-50-Khong-thich-khong-ban-jkv,22,6,true,2019-11-10T06:23:29.505Z
25356,Viet-cho-em-49-Tu-hao-tu-nhuc-va-yeu-nuoc-jkc,10,0,true,2019-11-09T11:43:29.726Z
25346,Viet-cho-em-48-Ve-ngo-doc-sach-jk2,13,0,true,2019-11-08T16:48:25.689Z
25333,Viet-cho-em-47-Muc-ha-vo-nhan-jjp,33,3,true,2019-11-07T16:17:19.086Z
25298,Viet-cho-em-46-Em-co-FOMO-khong-jiq,17,2,true,2019-11-06T15:59:36.739Z
25280,Viet-cho-em-45-Facebook-cua-anh-co-gi-hay-ji8,24,3,true,2019-11-05T16:18:09.640Z
25256,Viet-cho-em-44-Thuc-te-va-thuc-dung-jhk,22,3,true,2019-11-04T16:08:57.901Z
25228,Viet-cho-em-43-Tinh-co-hay-dinh-menh-jgs,21,0,true,2019-11-03T16:25:02.814Z
25200,Viet-cho-em-42-Di-ngang-cuoc-doi-jg0,22,0,true,2019-11-02T14:37:19.352Z
25186,Viet-cho-em-41-Ve-si-dien-jfm,16,1,true,2019-11-01T15:52:44.111Z
25151,Viet-cho-em-40-Ve-thien-co-va-nhan-qua-trong-doi-jen,28,2,true,2019-10-31T15:46:40.123Z
25129,Viet-cho-em-39-Ve-duc-vong-chiem-huu-je1,33,5,true,2019-10-30T15:43:34.615Z
25096,Viet-cho-em-38-Ban-ve-trai-tot-jd4,30,8,true,2019-10-29T13:49:51.321Z
25059,Viet-cho-em-37-Ve-su-that-va-quan-diem-va-vu-tai-nan-khien-39-nguoi-tu-vong-jc3,47,3,true,2019-10-28T14:46:05.521Z
25032,Viet-cho-em-36-Viet-ra-noi-buon-jbc,15,3,true,2019-10-27T13:07:30.177Z
25019,Viet-cho-em-35-Ta-dau-co-chon-co-don-jaz,19,4,true,2019-10-26T14:49:20.211Z
24999,Viet-cho-em-34-Ve-tieu-chuan-kep-va-nhan-tinh-jaf,16,1,true,2019-10-25T13:35:25.788Z
24983,Viet-cho-em-33-Nhan-ra-hay-tao-ra-chinh-minh-j9z,23,3,true,2019-10-24T13:13:30.594Z
24959,Viet-cho-em-32-Ve-porn-phim-kich-duc-j9b,77,12,true,2019-10-23T15:09:37.311Z
24924,Viet-cho-em-31-Gia-ao-tui-com-j8c,19,3,true,2019-10-22T14:23:02.981Z
24892,Viet-cho-em-30-Ve-Den-Vau-j7g,85,24,true,2019-10-21T15:16:07.059Z
24865,Viet-cho-em-29-Noi-hay-khong-noi-j6p,24,0,true,2019-10-20T15:29:47.699Z
24836,Viet-cho-em-28-Ve-hieu-qua-cong-viec-va-thu-tu-uu-tien-j5w,19,2,true,2019-10-19T14:55:53.443Z
24815,Viet-cho-em-27-Ta-se-lam-chi-doi-ta-j5b,15,0,true,2019-10-18T14:57:08.982Z
24773,Viet-cho-em-26-Mot-ngay-hanh-phuc-j45,18,2,true,2019-10-17T15:32:45.364Z
24770,Cong-dong-mang-chia-se-va-thuc-thi-cong-ly-co-that-su-mang-lai-gia-tri-tot-dep-khong-j42,37,10,true,2019-10-17T15:00:48.357Z
24744,Viet-cho-em-25-Co-nhung-ngay-khong-thay-thoi-gian-j3c,19,0,true,2019-10-16T12:42:32.861Z
24715,Viet-cho-em-24-Ban-ve-cam-hung-j2j,13,5,false,2019-10-15T15:08:31.826Z
24683,Viet-cho-em-23-Doi-nem-cho-em-mot-trai-chanh-j1n,39,6,true,2019-10-14T14:48:29.911Z
24664,Viet-cho-em-22-Em-buon-vi-em-ranh-j14,54,10,true,2019-10-13T15:55:33.095Z
24609,Viet-cho-em-21-Vi-sao-suy-nghi-tich-cuc-khong-mang-lai-hieu-qua-izl,37,5,true,2019-10-12T14:12:28.050Z
24585,Viet-cho-em-20-Ve-hai-dang-thanh-than-tam-linh-va-ton-giao-iux,10,0,true,2019-10-11T15:21:14.862Z
24564,Viet-cho-em-19-Ve-mot-nguoi-hoan-hao-1010-iuc,31,2,true,2019-10-10T14:48:31.544Z
24541,Viet-cho-em-18-The-gioi-cua-em-mau-gi-ixp,34,7,true,2019-10-09T13:20:04.733Z
24518,Viet-cho-em-17-Em-co-so-gi-khong-ix2,26,0,true,2019-10-08T13:13:56.015Z
24496,Viet-cho-em-16-Lam-gi-do-co-y-nghia-hon-di-iwg,35,5,true,2019-10-07T15:31:49.722Z
24448,Viet-cho-em-15-Chan-tieu-nhan-nguy-quan-tu-va-cach-nguoi-ta-ru-nhau-ngu-trong-kho-dau-iv4,26,5,true,2019-10-06T11:11:46.165Z
24425,Viet-cho-em-14-Xin-em-hay-ngay-tho-xin-em-dung-ngu-ngo-iuh,33,6,true,2019-10-05T13:13:29.441Z
24393,Viet-cho-em-13-Siri-Sisimi-Google-va-nhung-noi-co-don-mat-ket-noi-itl,21,0,true,2019-10-04T15:11:07.394Z
24370,Khung-hoang-ly-tuong-song-vi-song-voi-qua-nhieu-ly-tuong-isu,76,12,true,2019-10-04T01:58:30.876Z
24361,Viet-cho-em-12-Cai-dung-cua-thanh-nhan-va-chuyen-anh-da-bat-dau-doc-sach-nhu-the-nao-isp,27,1,true,2019-10-03T15:24:19.009Z
24321,Viet-cho-em-11-Ich-ky-hay-la-yeu-ban-than-irl,21,5,true,2019-10-02T14:15:10.194Z
24286,Viet-cho-em-10-Chao-thang-Muoi-em-song-co-vui-khong-iqm,23,3,true,2019-10-01T13:54:00.065Z
24268,Viet-cho-em-09-Hoc-tieng-Anh-khong-em-iq4,39,3,true,2019-09-30T15:51:29.427Z
24244,Viet-cho-em-08-Lam-dieu-minh-nghi-la-dung-dung-nghi-dieu-minh-lam-la-dung-ipg,40,5,true,2019-09-29T15:23:05.838Z
24223,Viet-cho-em-07-Ve-hon-nhan-iov,48,21,true,2019-09-28T13:53:46.911Z
24205,Viet-cho-em-06-Vi-sao-em-bi-lua-va-cac-dang-long-tham-iod,18,8,true,2019-09-27T15:03:43.380Z
24182,Viet-cho-em-05-Ve-ngu-va-dot-cac-cap-do-hieu-biet-va-vi-sao-nguoi-gioi-co-cai-toi-lon-inq,18,2,true,2019-09-26T15:38:39.792Z
24157,Viet-cho-em-04-Hon-loan-va-hon-don-in1,18,0,true,2019-09-25T14:41:01.257Z
24132,Viet-cho-em-03-Anh-ke-em-nghe-ve-the-gioi-imc,19,2,true,2019-09-24T14:49:34.763Z
24116,Viet-cho-em-Ngay-02-Em-la-ai-ilw,25,7,true,2019-09-23T14:57:34.257Z
24102,Viet-cho-em-Ngay-01-Bat-dau-ili,51,10,true,2019-09-22T15:16:02.418Z
23944,Ong-hut-co-tui-giay-co-bao-ve-moi-truong-nhu-ban-nghi-ih4,101,20,true,2019-09-16T13:35:44.693Z
23866,Ve-nam-hay-buong-va-mot-moi-quan-he-cuc-ky-toi-te-ieu,20,3,false,2019-09-13T03:13:09.764Z
23704,Tin-rac-va-su-khon-nan-tren-mang-nhan-dien-va-ung-xu-iag,49,4,true,2019-09-06T01:28:30.366Z
23579,Noi-mot-chut-ve-yeu-va-thuong-i6z,6,0,false,2019-08-31T10:02:39.854Z
23440,Thang-Bay-co-hon-hay-thang-Bay-Vu-Lan-i34,23,2,true,2019-08-25T01:17:32.715Z
23346,Do-com-day-mieng-truoc-khi-hon-hay-chuyen-du-lich-chau-Au-cua-co-nang-mo-mong-i0i,53,10,true,2019-08-21T11:45:34.049Z
22339,Chuyen-FB-bi-khoa-vi-chinh-ban-be-minh-report-loi-ngo-ngan-cua-Facebook-h8j,3,7,true,2019-07-14T14:06:51.434Z
21646,Mau-nhiem-hay-khong-gpa,20,0,true,2019-06-14T23:59:02.334Z
21095,Li-luan-trong-tinh-yeu-hay-la-chuyen-ba-bat-pho-g9z,44,11,true,2019-05-23T05:21:50.104Z
20761,Trung-thuong-trung-thuong-g0p,9,3,true,2019-05-07T09:38:17.596Z
20685,Thuong-nhau-de-dau-ful,35,2,true,2019-05-03T12:00:23.334Z
20651,Niem-vui-dong-luc-hay-song-de-lam-gi-fxn,34,1,true,2019-05-02T07:53:15.270Z
20457,Ung-thu-Ai-va-nhu-the-nao-fs9,8,2,true,2019-04-23T00:32:18.879Z
20415,Khong-lam-gi-fr3,35,1,true,2019-04-21T01:36:21.429Z
20023,Vi-cua-co-don-fg7,19,1,false,2019-04-05T12:59:49.707Z
19685,Ban-co-tin-hanh-phuc-bay-gio-va-o-day-f6t,13,0,true,2019-03-20T11:45:53.812Z
19226,May-loi-ve-Donald-Trump-eu2,24,10,true,2019-02-27T13:53:26.489Z
19205,Nhieu-tien-de-lam-gi-hay-lam-gi-de-nhieu-tien-eth,79,9,true,2019-02-26T09:47:57.641Z
19095,Ve-Tam-bao-cua-nha-Phat-eqf,30,2,true,2019-02-20T09:06:19.485Z
18861,Cho-mot-khoi-dau-moi-ejx,15,2,true,2019-02-10T00:41:51.223Z
18814,Khoang-lang-cua-ngay-Tet-eim,15,1,true,2019-02-07T15:31:40.929Z
18773,An-tet-van-minh-xin-dung-cau-co-ehh,45,3,true,2019-02-04T06:32:54.519Z
18741,Doi-loi-ve-tuong-do-tam-sinh-egl,65,3,true,2019-02-02T06:22:45.828Z
18548,Vai-goc-nhin-ngay-tho-ve-suu-tam-va-ton-trong-ban-quyen-eb8,55,25,true,2019-01-24T08:22:20.815Z
18303,Neu-la-mot-anh-chot-ta-co-chon-xu-mu-e4f,48,5,true,2019-01-12T17:29:28.553Z
18282,Oan-tang-hoi-kho-va-lam-sao-de-song-chung-voi-nhung-nguoi-ta-chan-ghet-e3u,9,1,true,2019-01-11T17:40:56.632Z
17978,Vu-152-nguoi-Viet-mat-tich-o-Dai-Loan-va-van-hoa-tu-nhuc-dve,57,11,true,2018-12-26T09:50:33.477Z
17744,Chuyen-mua-Giang-sinh-dow,12,0,true,2018-12-16T02:15:35.115Z
17622,Vi-sao-toi-khong-thich-tranh-luan-Vlog-dli,-6,2,false,2018-12-10T03:17:49.690Z
17495,Ve-tuoi-tac-va-su-truong-thanh-dhz,34,10,true,2018-12-04T09:50:37.212Z
17468,Toi-ban-sau-rieng-khong-nhung-thuoc-dh8,8,2,false,2018-12-03T07:39:05.661Z
17460,Cau-hoi-tinh-huong-Cuu-nguoi-hay-cuu-cho-dh0,8,7,false,2018-12-03T02:10:39.663Z
17419,Cho-tien-nguoi-an-xin-the-nao-cho-tot-dfv,13,4,true,2018-12-01T10:03:06.171Z
17395,Ngay-hoi-Hoa-huong-duong-va-status-30k-df7,7,13,true,2018-11-30T09:31:49.124Z
17269,Doi-co-10-viec-nguoi-li-giai-9-va-chi-hieu-nhung-gi-that-su-trai-qua-dbp,55,7,true,2018-11-25T00:40:02.094Z
17178,Su-menh-muc-tieu-cuoc-doi-minh-la-gi-d96,34,2,true,2018-11-20T02:27:15.866Z
17029,Dam-ve-dao-d51,19,3,true,2018-11-13T05:40:03.617Z
16833,Truong-chuyen-lop-chon-cho-ai-vi-ai-czl,66,4,true,2018-11-05T11:52:07.957Z
15629,Chan-ghet-va-phan-doi-tu-do-tuyet-doi-va-tu-do-tuong-doi-c25,52,3,true,2018-09-14T23:58:05.225Z
15489,Bang-cap-nao-de-duoc-neu-y-kien-bu9,9,2,true,2018-09-08T05:53:40.694Z
15419,Dan-thi-luon-sai-giao-su-luon-dung-bwb,1,9,false,2018-09-05T06:02:00.982Z
15286,May-loi-ve-cai-cach-chu-Viet-bsm,11,7,false,2018-08-31T12:55:44.651Z
15070,Ve-thuc-va-ao-bmm,11,1,true,2018-08-23T07:48:39.761Z
15018,Vi-sao-nguoi-ta-kho-ton-trong-su-khac-biet-bl6,59,10,true,2018-08-21T03:40:14.941Z
14471,Tu-mot-chuyen-buon-cua-nganh-giao-duc-b5z,70,18,true,2018-07-24T14:15:26.824Z
14267,Chuyen-mac-ao-so-mi-va-ban-ve-chu-Tin-b0b,66,4,true,2018-07-15T00:27:51.403Z
13792,Bong-da-ca-do-doi-trang-thay-den-va-content-doc-hai-an4,20,7,true,2018-06-19T14:27:46.805Z
13727,CR7-va-cam-xuc-ve-huyen-thoai-bong-da-duong-thoi-alb,11,5,true,2018-06-16T03:50:33.830Z
13593,Ve-dac-khu-li-thuyet-va-thuc-te-tuong-lai-va-hien-tai-va-toi-quan-tam-gi-ahl,41,5,true,2018-06-08T12:47:27.595Z
13550,Ve-nhu-cau-duoc-cong-nhan-va-ta-la-ai-age,61,7,true,2018-06-06T11:24:05.465Z
13479,Co-don-co-phai-la-mot-can-benh-moi-aef,26,0,false,2018-05-31T15:37:48.932Z
13424,Menh-van-lam-phuoc-va-huong-phuoc-acw,31,2,true,2018-05-29T10:00:27.168Z
13420,Lam-viec-vi-dam-me-Ok-dam-me-cua-ai-acs,68,4,true,2018-05-29T07:12:36.775Z
13255,Toi-da-gap-fan-cuong-nhat-doi-minh-nhu-the-nao-a87,15,6,false,2018-05-17T15:41:27.851Z
13116,Canh-bao-hay-quang-cao-a4c,55,2,true,2018-05-10T01:11:30.600Z
13081,Lay-yeu-thuong-giai-doc-ghen-tuong-a3d,33,4,true,2018-05-08T03:20:41.477Z
12562,May-nguoi-chi-trang-may-ai-nhin-9ou,12,1,false,2018-04-02T01:21:05.486Z
12173,Nhung-dieu-toi-yeu-thich-o-Spiderum-9e5,43,25,false,2018-03-05T07:55:21.056Z
12169,Con-cai-co-no-cha-me-khong-va-bao-nhieu-9e1,72,7,true,2018-03-05T03:33:45.052Z
11944,Thu-thach-30-ngay-day-som-khoi-dau-cho-ca-nam-nang-dong-97s,41,0,true,2018-02-16T03:10:22.938Z
11920,Chuyen-mua-hoa-truoc-30-tet-hay-long-trac-an-gia-bao-nhieu-974,36,4,null,2018-02-14T06:09:15.765Z
11913,Song-lam-sao-giua-doi-bao-bien-dong-96x,21,4,null,2018-02-13T13:55:18.542Z
11808,Hon-tet-bay-gio-co-doi-thay-940,33,5,null,2018-02-07T01:18:49.327Z
11739,Duoc-mat-gi-khi-bat-chap-de-cau-view-923,55,6,true,2018-02-02T14:59:09.757Z
11647,May-loi-xung-quanh-tran-chung-ket-U23-Chau-A-8zj,36,9,null,2018-01-28T11:51:21.953Z
11561,Ve-doc-tinh-cua-chu-suu-tam-8x5,76,22,true,2018-01-22T08:49:41.766Z
11348,Cong-thuc-don-gian-cho-mot-bai-viet-ro-rang-8r8,28,10,null,2018-01-09T01:38:23.372Z
11234,Ai-cho-yeu-thuong-se-duoc-thuong-yeu-8o2,30,6,null,2018-01-02T04:00:31.917Z
11190,Ta-be-nho-hay-van-de-qua-lon-8mu,67,6,true,2017-12-31T10:26:26.564Z
11117,Lam-sao-hinh-thanh-tu-tuong-rieng-cho-ban-than-8kt,83,6,true,2017-12-27T07:21:23.949Z
10940,The-gioi-nay-dang-so-lam-phai-khong-em-8fw,68,10,true,2017-12-19T01:41:19.620Z
10865,Nhin-nhan-ve-gia-tri-cua-tinh-duc-va-nhung-an-uc-tinh-duc-o-Viet-Nam-8dt,53,7,true,2017-12-14T03:34:16.710Z
10840,Con-nguoi-von-thien-hay-ac-8d4,66,33,true,2017-12-12T02:22:11.285Z
10804,Ban-ve-cac-chuan-muc-trong-xa-hoi-va-hai-loai-dao-duc-8c4,59,12,null,2017-12-10T07:02:59.030Z
10716,Lam-sao-de-binh-tam-voi-thi-phi-89o,62,6,true,2017-12-06T03:01:46.408Z
10669,Biet-va-phan-hieu-va-chap-nhan-88d,56,2,true,2017-12-03T13:11:14.856Z
10391,Toi-noi-gi-khi-noi-ve-doc-sach-80n,34,7,true,2017-11-18T12:30:09.486Z
10334,Cac-cung-bac-tinh-cam-nam-nu-7z2,64,13,null,2017-11-15T12:48:22.304Z
10288,Doan-khuc-co-don-7xs,40,16,null,2017-11-13T01:00:53.869Z
10231,Ve-tien-dam-me-va-su-ung-ho-7w7,9,0,null,2017-11-08T15:41:42.060Z
10212,Cam-nhan-ve-cac-loai-trinh-duyet-web-7vo,21,19,null,2017-11-08T03:29:45.682Z
10162,Hoc-de-lam-gi-7ua,67,3,true,2017-11-06T01:33:55.648Z
10031,Bao-nhieu-la-du-the-nao-la-tot-7qn,73,9,true,2017-10-30T01:25:01.224Z
9983,May-loi-ve-suc-khoe-7pb,71,32,true,2017-10-27T01:37:51.711Z
8299,Ve-dam-me-va-5-yeu-to-giu-lua-dam-me-6ej,15,7,null,2017-07-03T08:28:46.802Z
8109,Vi-sao-ta-yeu-nhau-699,40,23,null,2017-06-12T02:24:49.273Z
8056,Ve-noi-doi-va-noi-that-67s,29,9,null,2017-06-06T06:53:03.392Z
7997,The-gioi-nay-co-cong-bang-khong-665,21,17,null,2017-05-31T07:55:30.715Z
7965,Song-sao-khong-uong-kiep-phu-du-659,18,5,null,2017-05-29T02:55:12.151Z
7931,Neu-cuoc-song-chi-toan-la-danh-doi-64b,40,10,null,2017-05-25T15:39:17.019Z
7920,Cai-chet-cua-nhung-moi-quan-he-640,86,39,true,2017-05-24T16:23:17.646Z
7893,Viet-cho-mot-chut-buon-vu-vo-639,34,12,null,2017-05-23T08:13:46.390Z
7889,Tre-tham-gia-gameshow-cha-me-nen-hieu-cho-con-635,26,5,null,2017-05-23T01:19:51.333Z
7875,Tinh-yeu-thoi-nay-hay-la-su-bien-tuong-cua-mon-dang-ho-doi-62r,62,21,true,2017-05-21T14:30:57.022Z
7853,Tu-ganh-minh-len-de-truong-thanh-625,33,5,null,2017-05-19T07:39:22.145Z
7840,Xin-dung-gieo-bao-luc-trong-vo-thuc-61s,30,2,null,2017-05-18T02:59:30.534Z
7829,Thong-diep-cua-Bill-Gates-cho-sinh-vien-tot-nghiep-mong-muon-thay-doi-the-gioi-61h,17,4,null,2017-05-17T07:43:01.876Z
7815,De-lam-tot-mon-Writing-613,19,2,null,2017-05-16T00:41:58.752Z
7804,Ta-chay-vi-dieu-gi-60s,17,2,null,2017-05-15T00:59:28.140Z
7780,Khi-biet-on-tro-thanh-hien-tuong-604,22,4,null,2017-05-12T07:06:02.689Z
7769,Lam-sao-de-binh-tam-voi-thi-phi-5zt,44,4,null,2017-05-11T09:34:44.621Z
4533,Ba-dieu-can-thiet-cho-cuoc-song-khong-so-hai-3hx,34,5,null,2016-09-27T03:55:04.013Z
4389,Ngay-hoa-binh-Facebook-noi-ve-yeu-thuong-3dx,6,1,null,2016-09-21T10:17:43.720Z
4301,Ta-quan-tam-ai-va-ai-quan-tam-ta-3bh,35,13,null,2016-09-18T11:26:36.210Z
4234,Doi-dong-ve-niem-tin-39m,44,20,true,2016-09-16T01:57:15.894Z
27278,Viet-cho-em-129-Dung-hua-khi-vui-l1q,30,3,true,2020-01-28T16:43:01.222Z
10804,Ban-ve-cac-chuan-muc-trong-xa-hoi-va-hai-loai-dao-duc-8c4,60,12,null,2017-12-10T07:02:59.030Z
10162,Hoc-de-lam-gi-7ua,68,3,true,2017-11-06T01:33:55.648Z
