40567,CHIA-SE-Nhat-ky-nghien-cuu-nghiem-tuc-ve-tinh-yeu-1-vav,20,6,true,2020-11-19T23:24:41.458Z
40506,Chuyen-ben-ly-ca-phe-1-v96,33,5,true,2020-11-17T15:47:19.931Z
40426,Stoicism-Dich-Seneca-72-Ve-su-ngan-ngui-cua-cuoc-doi-va-tai-sao-ta-can-phai-dut-khoat-sang-suot-hon-trong-viec-lua-chon-thu-gi-de-lam-de-hoc-v6u,22,5,true,2020-11-14T10:31:00.114Z
40364,Vai-suy-nghi-vun-vat-2-Ve-chien-tranh-va-ve-manh-dat-hinh-chu-S-than-yeu-v58,40,7,true,2020-11-12T22:40:43.238Z
40280,Viet-cho-em-11-v2w,50,12,true,2020-11-08T22:56:34.675Z
40262,Stoicism-Dich-Seneca-71-Ve-loi-khuyen-tong-quat-ban-se-can-den-trong-cuoc-doi-v2e,28,4,true,2020-11-07T21:40:45.037Z
36641,Stoicism-Dich-Seneca-70-Ve-muon-van-cach-chet-va-tai-sao-tha-chet-trong-con-hon-song-duc-s9t,22,1,true,2020-10-31T11:14:37.121Z
36499,Stoicism-Dich-Seneca-69-Ve-tac-dong-cua-viec-di-chuyen-thuong-xuyen-den-tam-tri-s5v,22,1,true,2020-10-25T09:15:56.086Z
36478,Stoicism-Dich-Seneca-68-Ve-Tai-sao-ban-nen-tu-bo-danh-phan-quyen-luc-va-thai-do-dung-dan-trong-viec-tu-bo-ay-s5a,18,1,true,2020-10-24T09:25:08.575Z
36354,Vai-suy-nghi-ve-nhung-triet-ly-giao-duc-gia-dinh-rat-dang-hoc-hoi-cua-nguoi-Do-Thai-trong-Vo-cung-tan-nhan-vo-cung-yeu-thuong-s1u,46,11,true,2020-10-19T21:54:19.909Z
36290,Stoicism-Dich-Seneca-67-Ve-nhung-hoan-canh-nghiet-nga-lieu-chung-co-dang-cho-ta-ao-uoc-co-duoc-trong-doi-s02,23,1,true,2020-10-17T08:49:22.257Z
36271,Viet-cho-em-10-rzj,67,10,true,2020-10-16T22:27:22.213Z
36106,Vai-suy-nghi-vun-vat-1-Ve-bong-da-gai-dam-me-va-cuc-suc-vu-phu-ruu,24,9,true,2020-10-11T21:57:28.289Z
36088,Stoicism-Dich-Seneca-66-Ve-su-ngang-hang-giua-nhung-pham-cach-va-nhung-thu-thuc-su-tot-dep-cua-con-nguoi-rug,18,0,true,2020-10-11T08:59:54.028Z
36039,Review-nhe-Already-free-Bruce-Tift-Su-ket-hop-thu-vi-giua-tam-ly-hoc-phuong-Tay-va-dao-Phat-rt3,16,14,true,2020-10-09T11:48:47.424Z
35885,Stoicism-Dich-Seneca-65-Ve-can-nguyen-va-khoi-nguon-cua-van-vat-rot,28,21,true,2020-10-03T11:13:47.891Z
35686,Stoicism-Dich-Seneca-64-Ve-gia-tri-cua-triet-va-ve-nhung-thu-the-he-chung-ta-hay-sau-nay-co-the-tiep-tuc-tiep-noi-con-duong-thieng-lieng-ay-rja,22,4,true,2020-09-26T08:55:57.548Z
35619,Muon-bai-hat-hay-ban-ve-tinh-cam-nam-nu-rhf,41,4,true,2020-09-23T20:40:24.814Z
35518,Stoicism-Dich-Seneca-63-Doi-dong-chia-buon-khi-nguoi-ban-cua-ban-qua-doi-va-thai-do-ta-nen-co-voi-hoan-canh-dau-long-nay-rem,21,2,true,2020-09-20T08:56:37.942Z
35489,Stoicism-Dich-Seneca-62-Ve-nhung-loi-phan-nan-thieu-thon-thoi-gian-va-ve-mot-nguoi-ban-dang-nguong-mo-rdt,15,0,true,2020-09-19T08:09:59.435Z
35466,Goc-ke-chuyen-Tu-trend-danh-ghen-co-hay-khong-tinh-yeu-thuy-chung-rd6,38,7,true,2020-09-18T15:17:07.944Z
35385,Tam-su-Thu-rax,27,3,true,2020-09-15T22:00:35.819Z
35281,Stoicism-Dich-Seneca-61-Ban-than-men-toi-dat-toi-cai-hieu-rang-doi-minh-cung-dai-du-roi-Hoan-toan-hai-long-toi-doi-cho-cai-chet-cua-minh-r81,21,3,true,2020-09-12T08:27:56.643Z
35113,Dan-ong-la-gi-Hay-vai-thay-doi-trong-suy-nghi-tu-khi-con-la-mot-cau-nhoc-den-gio-r3d,277,15,true,2020-09-06T15:44:48.465Z
35073,Stoicism-Dich-Seneca-60-Ve-nhung-mong-cau-cua-nguoi-than-cho-ta-va-ve-long-tham-vo-day-cua-con-nguoi-r29,30,4,true,2020-09-05T08:32:52.735Z
34938,Viet-cho-em-9-qui,97,12,true,2020-09-01T22:13:11.965Z
34852,Stoicism-Dich-Seneca-59-Ve-niem-hanh-phuc-thuc-thu-trong-doi-va-ve-nhung-lam-lac-hay-thieu-khon-ngoan-khien-nguoi-ta-khong-the-co-duoc-no-qw4,38,2,true,2020-08-30T08:35:53.557Z
34813,Ghi-chu-Doi-dong-ve-cam-thuc-cong-dong-thu-nam-o-vi-tri-trung-tam-trong-tam-ly-hoc-ca-nhan-cua-Alfred-Adler-qv1,59,6,true,2020-08-28T22:13:37.049Z
34696,Viet-cho-em-8-qrs,70,16,true,2020-08-24T21:42:25.264Z
34630,Stoicism-Dich-Seneca-57-Ve-nhung-chan-dong-tu-nhien-cua-tam-tri-ma-pham-cach-se-khong-bao-gio-co-the-kiem-soat-tron-ven-qpu,35,6,true,2020-08-22T13:03:22.083Z
34419,Stoicism-Dich-Seneca-56-Ve-anh-huong-cua-am-thanh-va-su-on-a-len-tam-tri-qk3,39,5,true,2020-08-15T12:35:32.117Z
34183,Stoicism-Dich-Seneca-55-An-dat-xa-lanh-cuoc-doi-co-chac-da-la-dieu-dang-nguong-mo-tan-duong-qdj,33,3,true,2020-08-07T20:46:00.371Z
34089,Doi-dong-ve-com-hay-cach-de-truyen-tai-thong-diep-mot-cach-hieu-qua-qax,40,4,true,2020-08-04T22:09:16.326Z
34022,Kafka-va-Qua-q92,47,22,true,2020-08-02T08:49:57.471Z
33998,Stoicism-Dich-Seneca-54-Ve-mot-trai-nghiem-tap-duot-cho-cai-chet-q8e,37,2,true,2020-08-01T12:05:05.103Z
33779,Stoicism-Dich-Seneca-53-Tai-sao-nhung-can-benh-cua-tam-tri-lai-kho-chua-va-doi-dong-ve-suc-manh-cua-Triet-q2b,35,10,true,2020-07-25T10:33:21.481Z
33705,Viet-cho-em-7-q09,71,3,true,2020-07-22T21:38:00.489Z
33616,Stoicism-Dich-Seneca-52-pxs,50,14,true,2020-07-19T10:35:03.511Z
33599,Stoicism-Dich-Seneca-51-Tai-sao-nen-tranh-nhung-thanh-pho-cua-huong-thu-va-tiec-tung-pxb,45,4,true,2020-07-18T12:34:37.249Z
33556,Ngan-mat-troi-ruc-ro-Co-nhung-ngoi-but-se-cham-duoc-den-su-thuong-cam-o-tan-day-sau-tam-hon-pw4,57,8,true,2020-07-15T21:29:34.220Z
33423,Stoicism-Dich-Seneca-50-Tai-sao-nguoi-ta-thuong-tho-o-voi-triet-hay-ly-do-khien-viec-khoi-dau-ren-luyen-tam-tri-la-rat-gian-nan-psf,50,2,true,2020-07-11T10:07:02.489Z
33280,Viet-cho-em-6-pog,69,22,true,2020-07-06T21:50:51.262Z
33235,Stoicism-Dich-Seneca-49-Ban-ve-ky-uc-ve-su-ngan-ngui-cua-cuoc-doi-va-lai-ve-may-tro-bien-luan-vo-gia-tri-pn7,38,9,true,2020-07-04T16:37:32.541Z
33145,Kinh-te-hoc-Ban-ve-tien-te-P1-Tong-hop-nhung-nguyen-nhan-khien-Bitcoin-tro-nen-hot-pkp,50,10,true,2020-07-01T21:58:19.294Z
33050,Chien-tranh-va-hoa-binh-Viet-duoc-mot-tac-pham-the-nay-co-chet-cung-khong-tiec-pi2,89,13,true,2020-06-28T11:15:19.755Z
33029,Stoicism-Dich-Seneca-48-Ve-may-cai-tro-uon-nan-be-lai-cau-chu-trong-bien-luan-va-logic-phh,31,1,true,2020-06-27T11:01:02.127Z
32819,21062017-21062020-Cho-mot-cai-3-nam-pbn,44,13,true,2020-06-20T21:54:05.019Z
32803,Stoicism-Dich-Seneca-47-Ban-ve-cach-song-voi-no-le-pb7,27,2,true,2020-06-20T10:41:22.926Z
32650,Stoicism-Dich-Seneca-46-Ve-tac-pham-moi-cua-ban-Lucilius-p6u,21,0,true,2020-06-14T09:09:05.063Z
32607,Stoicism-Dich-Seneca-45-Ve-sach-va-may-cai-tro-tranh-bien-ton-thoi-gian-p5r,39,6,true,2020-06-13T10:34:05.052Z
32535,Viet-cho-em-5-p3r,35,9,true,2020-06-10T22:01:56.686Z
32442,Stoicism-Dich-Seneca-43-Ve-tinh-tuong-doi-cua-su-noi-tieng-p16,26,6,true,2020-06-07T10:21:26.978Z
32412,Stoicism-Dich-Seneca-42-Nguoi-thong-thai-thi-hiem-co-va-doi-dong-ve-gia-tri-cua-nhung-thu-ngoai-vat-tren-doi-p0c,43,1,true,2020-06-06T10:52:50.373Z
32201,Viet-cho-em-4-ouh,45,5,true,2020-05-31T21:15:24.291Z
32166,Stoicism-Dich-Seneca-41-Chua-o-trong-moi-chung-ta-oti,34,2,true,2020-05-30T21:10:16.579Z
32071,Kinh-te-hoc-Khi-Big-Data-giet-chet-giac-mo-My-American-Dream-oqv,91,6,true,2020-05-27T20:06:38.758Z
31965,Viet-cho-em-3-onx,48,8,true,2020-05-24T21:44:39.126Z
31947,Stoicism-Dich-Seneca-40-Ve-phong-cach-noi-va-dien-thuyet-onf,32,10,true,2020-05-24T10:06:03.416Z
31807,Vai-ghi-chu-va-suy-nghi-ve-bai-phong-van-cua-Sir-Mervyn-King-va-Sir-Angus-Deaton-ojj,44,11,true,2020-05-20T21:26:16.315Z
31679,Stoicism-Dich-Seneca-39-Hay-tiep-tuc-co-gang-du-chung-ta-dang-o-trong-mot-thoi-dai-that-toi-te-xau-xa-ofz,51,6,true,2020-05-16T11:26:47.798Z
31584,Viet-cho-em-2-odc,42,4,true,2020-05-13T21:44:36.131Z
31467,Stoicism-Dich-Seneca-38-Ve-Loi-noi-nhu-nhung-hat-giong-hay-tran-trong-no-va-su-dung-no-mot-cach-khon-ngoan-oa3,35,1,true,2020-05-10T08:56:08.138Z
31430,Stoicism-Dich-Seneca-37-Ve-tac-dung-cua-loi-tuyen-the-voi-muc-tieu-ta-da-chon-va-cach-thuc-mot-nguoi-co-the-hoan-thanh-no-o92,30,1,true,2020-05-09T10:58:02.183Z
31399,Ong-30-tuoi-ban-chuyen-chinh-sach-ket-hon-truoc-30-o87,57,16,true,2020-05-08T15:10:15.499Z
31228,Viet-cho-em-1-o3g,70,11,true,2020-05-04T21:00:01.128Z
31132,Stoicism-Dich-Seneca-36-o0s,27,16,true,2020-05-02T11:14:14.839Z
31088,Vai-cap-nhat-ve-tinh-hinh-the-gioi-trong-dai-dich-nzk,69,4,true,2020-04-30T21:21:42.736Z
31010,Ngan-nu-hon-say-dam-Bai-tho-tinh-duy-nhat-doi-voi-anh-nxe,26,7,true,2020-04-28T18:53:21.638Z
30909,Stoicism-Dich-Seneca-35-Doi-dong-ve-tinh-ban-tren-con-duong-huong-den-su-thong-tue-vinh-quang-nay-nul,59,4,true,2020-04-26T09:19:22.830Z
30894,May-dong-tho-trong-long-nguoi-lu-khach-O-tro-tren-doi-dem-viet-tang-nhan-gian-1-nu6,20,2,true,2020-04-25T19:59:24.004Z
30874,Stoicism-Dich-Seneca-34-Ve-niem-vui-cua-mot-nguoi-ban-dong-hanh-tren-con-duong-den-voi-su-thong-thai-ntm,23,1,true,2020-04-25T09:14:55.403Z
30765,Chuyen-doi-chim-cu-va-cau-thanh-nien-nql,36,14,true,2020-04-22T20:41:20.110Z
30539,Stoicism-Dich-Seneca-33-Ve-ly-do-tai-sao-toi-thoi-ket-thu-bang-nhung-cau-trich-dan-va-ve-thai-do-tu-chu-trong-viec-hoc-nkb,48,3,true,2020-04-18T10:53:12.563Z
30217,Stoicism-Dich-Seneca-32-nbd,51,9,true,2020-04-11T10:16:06.191Z
30194,Doi-dong-ve-an-uong-naq,57,8,true,2020-04-10T15:25:03.566Z
29959,The-colour-purple-Cau-chuyen-cam-dong-ve-cuoc-doi-cua-nguoi-phu-nu-da-mau-n47,13,0,true,2020-04-05T17:04:37.919Z
29883,Stoicism-Dich-Seneca-31-Doi-loi-ve-tam-tri-vung-vang-Chua-va-con-duong-y-nghia-ban-da-chon-cho-minh-n23,50,1,true,2020-04-04T11:07:48.381Z
29509,Stoicism-Dich-Seneca-30-Ve-cach-ma-ong-ban-Bassus-dang-doi-mat-voi-cai-chet-mrp,15,3,true,2020-03-28T11:50:25.126Z
29457,Viet-cho-nguoi-tre-Mot-goi-y-cho-ban-trong-thoi-dai-dich-mq9,81,4,true,2020-03-27T13:00:09.417Z
29167,Stoicism-Dich-Seneca-29-mi7,26,7,true,2020-03-21T12:46:44.677Z
29094,Tan-man-mua-dich-mg6,54,2,true,2020-03-20T11:05:14.265Z
28886,Cham-roi-het-mat-roi-ong-oi-mae,113,8,true,2020-03-16T13:02:08.157Z
28805,Stoicism-Dich-Seneca-28-Tai-sao-di-du-lich-nhieu-ma-chang-thay-kha-hon-m85,42,4,true,2020-03-14T15:07:59.089Z
28607,Chuyen-khau-trang-deo-hay-khong-deo-Mot-quan-diem-co-le-du-hoc-sinh-chau-Au-nen-biet-m2n,101,12,true,2020-03-10T11:20:08.655Z
28502,Stoicism-Dich-Seneca-27-Ban-ve-su-ho-tro-trong-viec-trau-doi-pham-cach-va-ren-luyen-triet-hoc-lzq,32,1,true,2020-03-07T15:12:47.298Z
28365,83-dan-ong-dan-ba-lvx,46,7,true,2020-03-03T11:17:25.154Z
28275,Stoicism-Dich-Seneca-26-Doi-dong-ve-viec-chuan-bi-de-tam-biet-tuoi-gia-cua-toi-ltf,31,4,true,2020-02-29T13:58:09.738Z
28011,Stoicism-Dich-Seneca-25-Doi-dong-ve-chinh-don-ban-than-lm3,34,4,true,2020-02-22T15:50:49.322Z
27947,Review-nhe-How-will-you-measure-your-life-lkb,50,22,true,2020-02-20T17:20:16.191Z
27799,Stoicism-Dich-Seneca-24-Ban-ve-cai-chet-lg7,31,2,true,2020-02-15T15:03:51.143Z
27645,Chuyen-2-nguoi-2-lbx,18,2,true,2020-02-10T20:46:49.788Z
27579,Stoicism-Dich-Seneca-23-Ve-hanh-phuc-thuc-su-trong-cuoc-song-va-lam-sao-de-co-no-la3,45,7,true,2020-02-08T16:37:48.196Z
27561,Tinh-yeu-dau-phai-mong-mo-l9l,24,7,true,2020-02-07T23:13:03.956Z
27462,Vai-dong-cho-mot-cai-nam-nam-l6u,60,12,true,2020-02-04T12:33:33.886Z
27390,Stoicism-Dich-Seneca-22-Hay-manh-dan-tu-bo-nhung-thu-khong-quan-trong-va-tap-trung-vao-nhung-thu-co-y-nghia-voi-ban-than-ban-Hay-mong-minh-song-tot-chu-khong-phai-song-lau-l4u,61,7,true,2020-02-02T11:32:25.073Z
27317,Tam-su-tuoi-30-l2t,67,20,true,2020-01-30T20:20:48.389Z
27286,Stoicism-the-gioi-day-hon-loan-va-con-virus-corona-l1u,75,11,true,2020-01-29T09:28:17.682Z
27207,Stoicism-Dich-Seneca-21-kzr,30,6,true,2020-01-26T11:36:30.035Z
27014,Cha-ai-thay-doi-duoc-cai-Tet-nhat-cua-ban-tru-ban-kue,66,16,true,2020-01-17T13:56:36.867Z
26996,Chuyen-2-nguoi-1-ktw,61,11,true,2020-01-16T20:46:14.019Z
26604,Dem-cuoi-nam-kj0,64,12,true,2019-12-31T16:34:20.691Z
26443,REVIEW-2019-cua-toi-kej,72,11,true,2019-12-25T08:14:12.898Z
26383,Da-Lat-mong-mo-kcv,20,14,true,2019-12-23T04:31:00.425Z
26206,Stoicism-Dich-Seneca-20-Triet-day-ta-cach-de-hanh-dong-khong-phai-de-noi-k7u,52,20,true,2019-12-14T10:14:46.547Z
26023,Stoicism-Dich-Seneca-19-k2v,33,1,true,2019-12-07T13:02:48.488Z
25926,Suu-tam-Mot-buc-thu-cha-gui-con-trai-k06,18,4,true,2019-12-03T13:39:00.806Z
25850,Stoicism-Dich-Seneca-18-Ve-thang-cuoi-nam-thang-cua-an-choi-va-hoi-he-ju2,42,4,true,2019-11-30T12:33:58.175Z
25690,Stoicism-Dich-Seneca-17-Triet-hoc-vs-su-giau-sang-jtm,57,20,true,2019-11-23T13:28:33.710Z
25529,Anh-huong-cua-chuoi-thong-tin-cung-ung-dung-trong-viet-luan-va-tranh-bien-jp5,55,4,true,2019-11-16T11:09:11.385Z
25388,Triet-hoc-thuc-hanh-Practical-Philosophy-P8-Ve-thanh-cong-jl8,52,8,true,2019-11-10T15:45:31.951Z
25250,Thats-life-jhe,12,5,true,2019-11-04T12:24:46.671Z
25207,Nuoc-ngoai-jg7,52,1,true,2019-11-02T20:53:53.579Z
25031,Ung-dung-Stoicism-Triet-hoc-da-giup-minh-nhu-the-nao-khi-doi-mat-voi-moi-truong-moi-jbb,58,15,true,2019-10-27T11:30:08.892Z
24853,Doi-dong-ve-tuan-dau-tien-cua-cuoc-song-tu-do-j6d,102,45,true,2019-10-20T10:01:04.669Z
24589,CHIA-SE-Vai-dieu-hoc-duoc-sau-mot-nam-xin-viec-3-iz1,38,2,true,2019-10-11T19:27:31.341Z
24495,CHIA-SE-Vai-dieu-hoc-duoc-sau-mot-nam-xin-viec-2-iwf,52,13,true,2019-10-07T14:41:09.757Z
24392,CHIA-SE-Vai-dieu-hoc-duoc-sau-mot-nam-xin-viec-itk,91,10,true,2019-10-04T14:14:09.119Z
23813,Stoicism-Dich-Seneca-16-idh,59,15,true,2019-09-10T12:39:12.297Z
23697,Stoicism-Dich-Seneca-15-Ve-viec-tap-luyen-Co-bap-va-tam-tri-ia9,50,8,true,2019-09-05T14:32:33.872Z
23675,THO-THAN-THAN-THO-Thu-va-em-i9n,23,6,true,2019-09-04T19:03:44.207Z
23556,Stoicism-Dich-Seneca-14-i6c,45,7,true,2019-08-30T11:57:13.964Z
23536,If-one-day-one-asks-bout-me-Say-that-I-lived-just-for-you-i5s,34,7,true,2019-08-29T16:04:51.779Z
23375,Stoicism-Dich-Seneca-13-Doi-dieu-ve-noi-so-i1b,38,5,true,2019-08-22T15:49:09.851Z
23282,Vai-doan-trich-hay-trong-Chien-binh-cau-vong-va-chan-gia-tri-cua-giao-duc-huq,79,15,true,2019-08-19T16:23:54.004Z
23190,Stoicism-Dich-Seneca-12-Ve-tuoi-gia-va-mot-cach-de-don-nhan-cuoc-song-moi-ngay-hw6,38,15,true,2019-08-15T12:25:55.400Z
23000,Stoicism-Dich-Seneca-11-Ve-do-mat-hay-cach-ma-tu-nhien-nhac-ta-nho-ve-suc-manh-cua-no-hqw,41,2,true,2019-08-08T12:12:59.133Z
22809,Stoicism-Dich-Seneca-10-Ve-tai-sao-hau-het-moi-nguoi-khong-nen-song-mot-minh-nhung-ban-thi-nen-hll,39,5,true,2019-08-01T14:23:18.276Z
22655,Stoicism-Dich-Seneca-9-Ve-cau-hoi-Lieu-thanh-nhan-co-can-ban-be-hay-khong-hhb,46,14,true,2019-07-26T14:21:01.240Z
22478,Stoicism-Dich-Seneca-8-Tiep-ve-dam-dong-va-su-an-dat-cua-triet-gia-hce,40,3,true,2019-07-19T11:00:05.331Z
22263,Stoicism-Dich-Seneca-7-Tai-sao-nen-tranh-dam-dong-h6f,58,4,true,2019-07-11T12:07:40.143Z
22079,Stoicism-Dich-Seneca-6-Ve-hoc-tap-va-chia-se-kien-thuc-h1b,44,1,true,2019-07-05T11:56:38.663Z
21916,Stoicism-Dich-Seneca-5-Ve-y-nghia-va-cach-tiep-can-triet-hoc-gws,41,3,true,2019-06-28T12:30:47.311Z
21807,Stoicism-Dich-Seneca-4-Ve-noi-so-chet-gtr,34,5,true,2019-06-23T10:37:07.322Z
21721,Stoicism-Dich-Seneca-3-Doi-dong-ve-tinh-ban-chan-chinh-grd,52,3,true,2019-06-18T13:07:41.904Z
21617,Stoicism-Dich-Seneca-2-Ve-van-hoa-doc-Vi-sao-khong-nen-doc-lan-man-goh,63,11,true,2019-06-13T13:51:04.484Z
21489,Stoicism-Dich-Seneca-Buc-thu-so-1-gkx,68,7,false,2019-06-08T11:55:11.027Z
21393,Mot-vai-dieu-hoc-duoc-sau-1-thang-luyen-viet-tay-trai-gi9,62,16,true,2019-06-04T13:45:32.302Z
21268,Cuon-sach-thay-doi-cuoc-doi-Stoicism-va-mot-vai-thu-hoi-deep-khac-ges,62,15,true,2019-05-30T15:18:35.875Z
21085,Triet-hoc-thuc-hanh-Practical-Philosophy-P7-Ve-cai-chet-g9p,44,29,true,2019-05-22T14:35:22.992Z
20536,Xay-dung-van-hoa-doc-Cuon-sach-nao-anh-huong-lon-nhat-den-cach-tu-duy-hay-phuong-phap-song-cua-ban-fug,27,28,true,2019-04-26T12:22:09.319Z
20492,Doi-dong-ve-lua-chon-nghe-nghiep-ft8,49,5,true,2019-04-24T13:34:57.483Z
20250,Mot-vai-cam-nhan-ve-Duong-xua-may-trang-thay-Thich-Nhat-Hanh-fmi,44,15,true,2019-04-14T09:36:01.151Z
20108,Hao-han-ca-fik,27,12,true,2019-04-08T15:52:14.107Z
19886,Phuong-buon-fce,13,4,true,2019-03-30T15:05:38.547Z
19849,TRIET-HOC-PHUONG-DONG-Ve-cai-Khong-va-cai-Co-Mot-trich-doan-cuc-deep-trong-Dao-Duc-Kinh-Lao-Tu-fbd,32,10,true,2019-03-28T11:12:08.713Z
19809,NGAM-Doi-dieu-ve-How-to-live-a-good-life-fa9,98,11,true,2019-03-26T10:00:33.194Z
19532,Chi-so-khong-du-thoi-gian-nhin-toc-me-bac-mau-f2k,34,2,true,2019-03-13T13:18:51.914Z
19436,Triet-hoc-thuc-hanh-Practical-Philosophy-P6-Ve-tien-bac-va-giau-sang-ezw,82,21,true,2019-03-09T12:25:11.083Z
18867,Tam-su-dau-nam-Chu-ma-khong-co-muc-dich-ro-rang-la-chu-tu-lam-kho-minh-day-ek3,82,4,true,2019-02-10T10:28:39.658Z
18767,Nam-moi-den-roi-hay-yeu-thuong-nhau-di-thoi-ehb,36,5,true,2019-02-03T16:11:50.255Z
18299,Vai-dieu-thu-duoc-tu-khoa-hoc-online-Introduction-Psychology-tai-Yale-Uni-e4b,94,10,true,2019-01-12T13:26:43.998Z
18247,Triet-hoc-thuc-hanh-Practical-Philosophy-P5-Ve-cach-doi-mat-voi-kho-khan-thu-thach-trong-cuoc-song-e2v,74,9,true,2019-01-09T11:23:20.191Z
18056,Khac-biet-giua-nguoi-voi-nguoi-hay-cau-chuyen-hay-nhat-toi-duoc-nghe-trong-nam-nay-dxk,140,15,true,2018-12-31T10:33:36.445Z
17926,REVIEW-2018-cua-toi-dtu,43,16,true,2018-12-24T13:49:05.274Z
17768,My-recommended-5-books-of-2018-dpk,40,11,true,2018-12-17T10:41:43.859Z
17592,HOC-TIENG-ANH-Co-nen-de-cao-viec-noi-giong-ban-dia-dko,29,7,true,2018-12-09T10:22:18.630Z
17350,Doi-dong-tam-su-1-chu-cuu-truong-chuyen-hay-1-dieu-ban-nen-biet-de-co-the-loai-bo-tinh-do-ky-cua-ban-than-ddu,68,29,true,2018-11-28T12:17:45.068Z
17147,Ha-Noi-ngay-tro-ve-d8b,62,25,true,2018-11-18T11:20:54.848Z
16642,Ban-ve-han-che-cua-sach-dich-cua,60,16,true,2018-10-27T15:19:15.028Z
16607,STOICISM-QandA-P1-Stoicism-co-phai-la-lieu-morphine-gay-nghien-ctb,33,31,true,2018-10-25T12:07:45.145Z
16280,Triet-hoc-thuc-hanh-Practical-Philosophy-P4-Doi-dieu-luu-y-khi-thuc-hanh-triet-hoc-hay-cach-tranh-nhung-rui-ro-khong-can-thiet-ck8,46,20,true,2018-10-12T13:46:17.863Z
16088,Ly-tuong-song-Da-bao-lau-roi-ta-khong-nghe-thay-no-cew,61,12,true,2018-10-03T15:07:03.960Z
15619,HOI-DAP-Di-dau-de-thay-gai-dep-bay-gio-ha-cac-ban-c1v,44,35,true,2018-09-13T15:43:53.185Z
15474,Touch-Bo-manga-nhe-nhang-sau-sac-mang-huong-vi-mua-thu-bxu,37,24,true,2018-09-07T15:23:51.341Z
15076,Mot-doan-trich-hay-ve-hon-nhan-bms,14,1,false,2018-08-23T12:05:44.741Z
14687,Hoc-ngoai-ngu-1-vai-meo-nho-de-thuc-su-lam-chu-tieng-Anh-cua-ban-bbz,88,21,true,2018-08-04T14:47:53.591Z
14374,Mot-chuyen-hen-ho-b3a,33,9,false,2018-07-19T14:04:20.198Z
14257,PRODUCTIVITY-101-P2-1-To-do-list-hoan-toan-khac-b01,46,10,true,2018-07-14T11:51:48.771Z
14154,Chuyen-tinh-I-ax6,15,3,true,2018-07-09T10:42:17.811Z
14084,Triet-hoc-thuc-hanh-Practical-Philosophy-P3-Doi-dong-ve-Chua-va-Ton-giao-av8,50,34,true,2018-07-05T12:51:13.345Z
13845,21062017-21062018-Trai-long-thanh-nien-tron-1-nam-viet-dao-Spiderum-aol,49,15,true,2018-06-21T13:25:38.616Z
13576,PRODUCTIVITY-101-Phan-1-Thoi-gian-la-vang-bac-nhung-ban-co-biet-vang-bac-cua-ban-dang-di-dau-ah4,80,18,true,2018-06-07T13:22:01.325Z
13366,Triet-hoc-thuc-hanh-Practical-Philosophy-P2-Luan-ve-viec-tot-viec-xau-va-nhan-qua-aba,114,33,true,2018-05-25T13:22:59.851Z
13252,Nhung-doan-trich-co-the-giup-ban-ghi-nho-gia-tri-cua-im-lang-a84,88,6,true,2018-05-17T13:32:11.770Z
13126,Tinh-cam-cha-me-va-con-cai-Doi-dieu-co-the-ban-chua-biet-a4m,11,2,false,2018-05-10T13:29:28.350Z
12735,3-ly-do-ban-nen-tham-gia-Toastmaster-9tr,30,8,false,2018-04-19T12:02:13.639Z
12618,Country-Thu-am-nhac-binh-di-dan-da-nhu-cuoc-doi-9qi,40,16,true,2018-04-05T11:04:20.910Z
12517,Dau-la-van-de-cua-dan-ong-thoi-hien-dai-9np,71,7,true,2018-03-29T11:16:54.186Z
12332,Triet-hoc-thuc-hanh-Practical-Philosophy-P1-Doi-dong-ve-mat-mat-9ik,76,24,true,2018-03-15T12:42:37.544Z
12239,Neu-ban-chi-co-01-muc-tieu-lon-nhat-trong-nam-moi-nay-xin-hay-goi-ten-SUC-KHOE-9fz,26,10,false,2018-03-09T12:49:47.085Z
11926,Tet-trong-toi-Doi-dong-tam-su-1-du-hoc-sinh-97a,36,10,null,2018-02-14T12:57:10.150Z
11590,5-bai-hoc-tu-Suoi-nguon-co-nhung-tac-pham-se-ton-tai-mai-cung-thoi-gian-8xu,57,20,true,2018-01-24T13:37:09.897Z
11329,Em-8qp,17,2,null,2018-01-07T20:24:34.599Z
11173,Ngay-cuoi-nam-8md,18,9,null,2017-12-30T14:07:34.603Z
10982,My-3-recommended-books-of-2017-8h2,18,3,null,2017-12-21T12:25:11.624Z
10316,Duoc-ma-cac-ban-oi-7uk,11,9,null,2017-11-14T15:01:15.342Z
10098,Its-all-about-books-English-Vietnamese-7si,23,2,null,2017-11-02T14:03:50.023Z
9973,Stoicism-P7-Ket-Stoicism-va-cac-truong-phai-triet-hoc-khac-7p1,86,43,true,2017-10-26T13:01:25.617Z
9869,Stoicism-P6-1-nam-luyen-Stoic-Duoc-va-mat-7m5,82,21,null,2017-10-18T14:01:59.422Z
9551,Stoicism-P5-Seneca-K-phai-thanh-chac-chan-nhung-cung-phai-den-muc-thanh-nhan-7db,86,18,true,2017-09-28T11:58:03.143Z
9320,Stoicism-P4-Epictetus-Ga-no-le-cut-chan-nguoi-thay-cua-hoang-de-Marcus-76w,87,21,true,2017-09-14T14:25:54.335Z
9079,Stoicism-P3-Marcus-Aurelius-Khi-Stoic-Khac-ky-lam-hoang-de-707,91,23,true,2017-08-31T13:02:47.154Z
8928,Ve-phat-am-tieng-Anh-cu-tu-tu-tu-tu-tu-tu-cho-chuan-roi-hang-noi-chuyen-6w0,51,211,null,2017-08-21T13:13:13.380Z
8792,Stoicism-P2-The-nao-la-mot-triet-hoc-thuc-hanh-6s8,128,43,true,2017-08-10T13:19:06.952Z
8701,Tan-man-ve-chung-to-ban-than-Cai-gi-dang-lam-ban-tu-hao-6pp,35,11,null,2017-08-03T13:38:33.206Z
8613,Stoicism-Triet-hoc-khac-ky-hay-triet-hoc-cua-ban-linh-va-binh-than-trong-tam-hon-P1-6n9,203,107,true,2017-07-27T14:51:50.429Z
8499,Ve-Can-benh-ung-thu-mang-ten-Self-help-6k3,45,9,null,2017-07-20T15:59:58.045Z
8407,A-wake-up-call-of-my-life-6hj,48,11,null,2017-07-13T19:13:52.756Z
8336,CHIA-SE-Lam-the-nao-de-noi-tot-tieng-Anh-6fk,26,5,null,2017-07-06T16:24:04.464Z
8203,Chao-6bv,22,14,null,2017-06-21T16:38:14.820Z
40620,Stoicism-Dich-Seneca-73-Ve-Lieu-triet-gia-co-tro-nen-chong-doi-kho-tri-hay-khong-vcc,10,0,true,2020-11-21T10:30:28.781Z
40567,CHIA-SE-Nhat-ky-nghien-cuu-nghiem-tuc-ve-tinh-yeu-1-vav,48,17,true,2020-11-19T23:24:41.458Z
40506,Chuyen-ben-ly-ca-phe-1-v96,36,5,true,2020-11-17T15:47:19.931Z
35619,Muon-bai-hat-hay-ban-ve-tinh-cam-nam-nu-rhf,42,4,true,2020-09-23T20:40:24.814Z
34938,Viet-cho-em-9-qui,98,12,true,2020-09-01T22:13:11.965Z
34022,Kafka-va-Qua-q92,47,23,true,2020-08-02T08:49:57.471Z
23282,Vai-doan-trich-hay-trong-Chien-binh-cau-vong-va-chan-gia-tri-cua-giao-duc-huq,79,16,true,2019-08-19T16:23:54.004Z
13366,Triet-hoc-thuc-hanh-Practical-Philosophy-P2-Luan-ve-viec-tot-viec-xau-va-nhan-qua-aba,118,33,true,2018-05-25T13:22:59.851Z
8792,Stoicism-P2-The-nao-la-mot-triet-hoc-thuc-hanh-6s8,129,43,true,2017-08-10T13:19:06.952Z
8613,Stoicism-Triet-hoc-khac-ky-hay-triet-hoc-cua-ban-linh-va-binh-than-trong-tam-hon-P1-6n9,204,107,true,2017-07-27T14:51:50.429Z
